{
  "aqi": {
    "mae": 16.770592068152602,
    "rmse": 22.55114776682125,
    "r2_score": 0.023034322087948644
  },
  "pm25": {
    "mae": 23.08869530044214,
    "rmse": 25.817019167739094,
    "r2_score": -0.18909731688733178
  }
}