{
  "average_frp": {
    "mean": 0.46943117543065527,
    "std": 0.27856356306031205,
    "min": 3.071884538241587e-05,
    "max": 0.9961576734987788
  },
  "co": {
    "mean": 0.5018029614219854,
    "std": 0.2918734287558732,
    "min": 0.001992135219070268,
    "max": 0.9995577032504386
  },
  "construction_score": {
    "mean": 0.4955027353257634,
    "std": 0.2871546882115549,
    "min": 0.0005979388347953085,
    "max": 0.9949078226464353
  },
  "fire_count": {
    "mean": 0.4754807906638882,
    "std": 0.2968818367445204,
    "min": 0.0088632851134689,
    "max": 0.9977493890102006
  },
  "green_cover": {
    "mean": 0.4872771253485868,
    "std": 0.29911816620207704,
    "min": 0.011031264428647214,
    "max": 0.9901088460868658
  },
  "heavy_vehicle_score": {
    "mean": 0.4756888419618882,
    "std": 0.2894584664951998,
    "min": 0.005313475668345946,
    "max": 0.9969494174116696
  },
  "humidity": {
    "mean": 0.504454559535665,
    "std": 0.29387259778365993,
    "min": 0.0006533907612995549,
    "max": 0.994819293965951
  },
  "industrial_distance": {
    "mean": 0.48947658067538796,
    "std": 0.27750844383050344,
    "min": 0.0013536257154681541,
    "max": 0.9956311094988834
  },
  "maximum_frp": {
    "mean": 0.5096426722852088,
    "std": 0.28985844666830485,
    "min": 0.006464357789710551,
    "max": 0.9971245001577111
  },
  "nearest_fire_bearing": {
    "mean": 0.4868558903635987,
    "std": 0.2996331229875369,
    "min": 0.003819922658583108,
    "max": 0.9972378999036027
  },
  "nearest_fire_distance": {
    "mean": 0.5600006149198967,
    "std": 0.287727472648709,
    "min": 0.005522117123602399,
    "max": 0.9997176732861306
  },
  "nh3": {
    "mean": 0.5079975411504399,
    "std": 0.27610531707158503,
    "min": 0.013228812905293985,
    "max": 0.9994137257706666
  },
  "no2": {
    "mean": 0.49531353112932136,
    "std": 0.2934631681125441,
    "min": 0.009054161580370979,
    "max": 0.9954375161913099
  },
  "o3": {
    "mean": 0.5097837076989378,
    "std": 0.29155252388794073,
    "min": 0.0015651051914729042,
    "max": 0.9976282974021565
  },
  "pm10": {
    "mean": 0.49733799836080905,
    "std": 0.28017409609521937,
    "min": 0.015456616528867428,
    "max": 0.9979341105333375
  },
  "pm25": {
    "mean": 0.5122718906652165,
    "std": 0.28453717723394567,
    "min": 0.0002270382182555375,
    "max": 0.9988926120332906
  },
  "precipitation": {
    "mean": 0.4749804522396815,
    "std": 0.2829305953856218,
    "min": 0.004632023004602859,
    "max": 0.9848584027624758
  },
  "pressure": {
    "mean": 0.5154686195760738,
    "std": 0.2742123074457067,
    "min": 0.00013469300448532007,
    "max": 0.9905051420006733
  },
  "road_congestion_score": {
    "mean": 0.5185192387284508,
    "std": 0.29241104252668393,
    "min": 0.0011120941961874076,
    "max": 0.9912559937021883
  },
  "road_density": {
    "mean": 0.4873002827642416,
    "std": 0.2929097723491889,
    "min": 1.1634755366141114e-05,
    "max": 0.9921356394785827
  },
  "so2": {
    "mean": 0.5205829377314025,
    "std": 0.2785969200113465,
    "min": 0.00756287497814212,
    "max": 0.9938483888996982
  },
  "station_distance": {
    "mean": 0.5173770813050307,
    "std": 0.2961618879616442,
    "min": 0.005505799160420821,
    "max": 0.9966968538529768
  },
  "temperature": {
    "mean": 0.4701388152284173,
    "std": 0.2954749604500007,
    "min": 0.00638587171683358,
    "max": 0.9971823539029504
  },
  "traffic_density_score": {
    "mean": 0.4851711356568581,
    "std": 0.2914757868937224,
    "min": 0.001473822086311416,
    "max": 0.9963343376272473
  },
  "water_distance": {
    "mean": 0.483575006428012,
    "std": 0.2921848088314717,
    "min": 0.009197051616629648,
    "max": 0.9929647961193003
  },
  "wind_direction": {
    "mean": 0.4829677356406538,
    "std": 0.30315073181754065,
    "min": 0.000943415267631087,
    "max": 0.9983475113929496
  },
  "wind_speed": {
    "mean": 0.48171995523008654,
    "std": 0.2928633728547978,
    "min": 0.010513224541653488,
    "max": 0.9919627472386433
  }
}