{
  "accuracy": 0.32,
  "precision": 0.32166666666666666,
  "recall": 0.32,
  "f1_score": 0.3204102564102564,
  "confusion_matrix": [
    [
      2,
      1,
      1,
      1,
      2
    ],
    [
      0,
      2,
      0,
      4,
      1
    ],
    [
      1,
      0,
      2,
      2,
      3
    ],
    [
      4,
      1,
      3,
      5,
      2
    ],
    [
      1,
      2,
      2,
      3,
      5
    ]
  ]
}